time,s2
2017-08-29 10:30:00.000,241.17
2017-08-29 10:30:00.190,238.04
2017-08-29 10:30:00.400,239.95
2017-08-29 10:30:00.520,242.19
2017-08-29 10:30:00.700,244.66
2017-08-29 10:30:00.780,242.13
2017-08-29 10:30:00.880,240.46
2017-08-29 10:30:01.020,240.54
2017-08-29 10:30:01.200,240.55
2017-08-29 10:30:01.300,238.56
2017-08-29 10:30:01.350,236.42
2017-08-29 10:30:01.550,242.84
2017-08-29 10:30:01.660,246.14
2017-08-29 10:30:01.730,244.34
2017-08-29 10:30:01.890,241.018
2017-08-29 10:30:02.090,240.16
2017-08-29 10:30:02.230,240.37
2017-08-29 10:30:02.390,240.575
2017-08-29 10:30:02.460,242.82
2017-08-29 10:30:02.520,245.325
2017-08-29 10:30:02.630,249.05
2017-08-29 10:30:02.730,253.35
2017-08-29 10:30:02.910,257.41
2017-08-29 10:30:02.970,256.88
2017-08-29 10:30:03.010,256.74
2017-08-29 10:30:03.210,261.5812
2017-08-29 10:30:03.250,261.37
2017-08-29 10:30:03.380,257.92
2017-08-29 10:30:03.490,258.57
2017-08-29 10:30:03.600,266.36
2017-08-29 10:30:03.740,267.92
2017-08-29 10:30:03.850,267.39
2017-08-29 10:30:03.910,267.38
2017-08-29 10:30:04.050,267.09
2017-08-29 10:30:04.230,269.89
2017-08-29 10:30:04.310,274.45
2017-08-29 10:30:04.500,275.54
2017-08-29 10:30:04.570,273.13
2017-08-29 10:30:04.710,274.51
2017-08-29 10:30:04.790,275.55
2017-08-29 10:30:05.000,280.42
2017-08-29 10:30:05.130,282.31
2017-08-29 10:30:05.300,281.4
2017-08-29 10:30:05.400,281.52
2017-08-29 10:30:05.580,282.4
2017-08-29 10:30:05.700,284.4
2017-08-29 10:30:05.880,285.66
2017-08-29 10:30:06.050,286.7
2017-08-29 10:30:06.140,285.01
2017-08-29 10:30:06.330,284.67
2017-08-29 10:30:06.420,279.594
2017-08-29 10:30:06.570,279.31
2017-08-29 10:30:06.650,276.8699
2017-08-29 10:30:06.830,276.3395
2017-08-29 10:30:06.980,279.6
2017-08-29 10:30:07.160,279.74
2017-08-29 10:30:07.270,278.605
2017-08-29 10:30:07.420,288.67
2017-08-29 10:30:07.620,274.36
2017-08-29 10:30:07.800,271.09
2017-08-29 10:30:07.930,275.47
2017-08-29 10:30:07.970,274.1
2017-08-29 10:30:08.090,274.05
2017-08-29 10:30:08.140,271.24
2017-08-29 10:30:08.290,269.9875
2017-08-29 10:30:08.340,270.07
2017-08-29 10:30:08.420,271.03
2017-08-29 10:30:08.560,269.31
2017-08-29 10:30:08.650,262.29
2017-08-29 10:30:08.810,262.29
2017-08-29 10:30:08.920,262.64
2017-08-29 10:30:09.020,261.25
2017-08-29 10:30:09.110,260.82
2017-08-29 10:30:09.250,262.38
2017-08-29 10:30:09.320,265.55
2017-08-29 10:30:09.380,263.59
2017-08-29 10:30:09.430,261.9
2017-08-29 10:30:09.580,263.25
2017-08-29 10:30:09.770,263.47
2017-08-29 10:30:09.950,264.66
2017-08-29 10:30:10.010,265.9245
2017-08-29 10:30:10.090,267.69
2017-08-29 10:30:10.150,269.36
2017-08-29 10:30:10.260,268.2
2017-08-29 10:30:10.420,266.79
2017-08-29 10:30:10.520,267.62
2017-08-29 10:30:10.560,267.48
2017-08-29 10:30:10.720,265.91
2017-08-29 10:30:10.860,265.41
2017-08-29 10:30:10.980,266.928
2017-08-29 10:30:11.040,266.59
2017-08-29 10:30:11.110,266.61
2017-08-29 10:30:11.240,263.98
2017-08-29 10:30:11.290,261.81
2017-08-29 10:30:11.450,256.72
2017-08-29 10:30:11.610,260.53
2017-08-29 10:30:11.820,259.24
2017-08-29 10:30:11.920,264.174
2017-08-29 10:30:11.960,256.89
2017-08-29 10:30:12.110,252.38
2017-08-29 10:30:12.320,252.21
2017-08-29 10:30:12.390,251.14
2017-08-29 10:30:12.450,250.68
2017-08-29 10:30:12.570,245.03
2017-08-29 10:30:12.720,245.5
2017-08-29 10:30:12.850,249.31
2017-08-29 10:30:13.050,247.07
2017-08-29 10:30:13.170,248.6
2017-08-29 10:30:13.260,251.24
2017-08-29 10:30:13.340,253.22
2017-08-29 10:30:13.390,249.255
2017-08-29 10:30:13.480,244.2
2017-08-29 10:30:13.660,252.2
2017-08-29 10:30:13.870,253.37
2017-08-29 10:30:14.060,248.59
2017-08-29 10:30:14.210,249.28
2017-08-29 10:30:14.260,249.52
2017-08-29 10:30:14.370,243.48
2017-08-29 10:30:14.560,240.07
2017-08-29 10:30:14.680,242.23
2017-08-29 10:30:14.840,240.58
2017-08-29 10:30:15.030,254.78
2017-08-29 10:30:15.070,264.66
2017-08-29 10:30:15.140,262.08
2017-08-29 10:30:15.230,268.27
2017-08-29 10:30:15.280,275.87
2017-08-29 10:30:15.430,276.62
2017-08-29 10:30:15.510,274.714
2017-08-29 10:30:15.570,273.71
2017-08-29 10:30:15.670,280.86
2017-08-29 10:30:15.720,280.83
2017-08-29 10:30:15.840,283.27
2017-08-29 10:30:15.920,286.8
2017-08-29 10:30:16.020,284.89
2017-08-29 10:30:16.170,281.75
2017-08-29 10:30:16.360,284.17
2017-08-29 10:30:16.410,285.06
2017-08-29 10:30:16.520,285.6
2017-08-29 10:30:16.640,285.59
2017-08-29 10:30:16.710,285.94
2017-08-29 10:30:16.870,284.91
2017-08-29 10:30:17.040,284.8
2017-08-29 10:30:17.170,286.56
2017-08-29 10:30:17.250,286
2017-08-29 10:30:17.450,283.04
2017-08-29 10:30:17.630,281.76
2017-08-29 10:30:17.800,284.94
2017-08-29 10:30:17.870,289.3299
2017-08-29 10:30:17.990,287.53
2017-08-29 10:30:18.190,289
2017-08-29 10:30:18.370,285.66
2017-08-29 10:30:18.490,286.66
2017-08-29 10:30:18.540,284.45
2017-08-29 10:30:18.720,284.17
2017-08-29 10:30:18.790,284.97
2017-08-29 10:30:18.990,281.37
2017-08-29 10:30:19.060,280.07
2017-08-29 10:30:19.100,281.43
2017-08-29 10:30:19.260,278.29
2017-08-29 10:30:19.430,280.19
2017-08-29 10:30:19.600,284.31
2017-08-29 10:30:19.760,278.43
2017-08-29 10:30:19.910,284.02
2017-08-29 10:30:20.060,283.57
2017-08-29 10:30:20.130,283.72
2017-08-29 10:30:20.240,290.23
2017-08-29 10:30:20.420,292.96
2017-08-29 10:30:20.470,291.58
2017-08-29 10:30:20.530,292.06
2017-08-29 10:30:20.720,290.74
2017-08-29 10:30:20.930,292.7
2017-08-29 10:30:21.080,292.12
2017-08-29 10:30:21.290,292.04
2017-08-29 10:30:21.450,290.57
2017-08-29 10:30:21.540,288.93
2017-08-29 10:30:21.590,288.18
2017-08-29 10:30:21.670,283.04
2017-08-29 10:30:21.770,281.765
2017-08-29 10:30:21.870,288.13
2017-08-29 10:30:21.930,291.25
2017-08-29 10:30:21.970,291.76
2017-08-29 10:30:22.120,296.918
2017-08-29 10:30:22.230,287.82
2017-08-29 10:30:22.330,286.98
2017-08-29 10:30:22.500,290
2017-08-29 10:30:22.710,293.84
2017-08-29 10:30:22.890,297.09
2017-08-29 10:30:23.090,295.4925
2017-08-29 10:30:23.260,300
2017-08-29 10:30:23.450,301.18
2017-08-29 10:30:23.650,299.45
2017-08-29 10:30:23.770,297.68
2017-08-29 10:30:23.830,292.93
2017-08-29 10:30:23.970,292.79
2017-08-29 10:30:24.030,291.75
2017-08-29 10:30:24.140,295.55
2017-08-29 10:30:24.280,295.59
2017-08-29 10:30:24.450,289.73
2017-08-29 10:30:24.530,279.87
2017-08-29 10:30:24.680,275.965
2017-08-29 10:30:24.800,280.22
2017-08-29 10:30:24.840,281.424
2017-08-29 10:30:24.940,285.01
2017-08-29 10:30:25.140,288.77
2017-08-29 10:30:25.250,290.07
2017-08-29 10:30:25.350,285.63
2017-08-29 10:30:25.450,283.34
2017-08-29 10:30:25.490,283.16
2017-08-29 10:30:25.560,284.27
2017-08-29 10:30:25.690,279.4099
2017-08-29 10:30:25.880,278.14
2017-08-29 10:30:26.070,279.69
2017-08-29 10:30:26.190,280.42
2017-08-29 10:30:26.390,283.15
2017-08-29 10:30:26.530,280.94
2017-08-29 10:30:26.630,281.74
2017-08-29 10:30:26.800,283.29
2017-08-29 10:30:27.010,283.42
2017-08-29 10:30:27.130,281.69
2017-08-29 10:30:27.320,278.22
2017-08-29 10:30:27.510,277.51
2017-08-29 10:30:27.640,284.47
2017-08-29 10:30:27.760,286.64
2017-08-29 10:30:27.870,290.2197
2017-08-29 10:30:27.950,289.765
2017-08-29 10:30:27.990,294.04
2017-08-29 10:30:28.200,293.36
2017-08-29 10:30:28.400,295.55
2017-08-29 10:30:28.610,296.19
2017-08-29 10:30:28.650,295.718
2017-08-29 10:30:28.700,295.14
2017-08-29 10:30:28.800,292.74
2017-08-29 10:30:28.840,295.96
2017-08-29 10:30:28.930,301.74
2017-08-29 10:30:29.040,300.99
2017-08-29 10:30:29.220,297.36
2017-08-29 10:30:29.370,297.84
2017-08-29 10:30:29.500,297.02
2017-08-29 10:30:29.680,299.72
2017-08-29 10:30:29.760,300.98
2017-08-29 10:30:29.950,300.64
2017-08-29 10:30:30.090,300.99
2017-08-29 10:30:30.190,302.47
2017-08-29 10:30:30.290,301.97
2017-08-29 10:30:30.390,303.39
2017-08-29 10:30:30.450,307.98
2017-08-29 10:30:30.510,300.68
2017-08-29 10:30:30.560,300.41
2017-08-29 10:30:30.720,305.69
2017-08-29 10:30:30.930,309.11
2017-08-29 10:30:30.990,312
2017-08-29 10:30:31.060,309.93
2017-08-29 10:30:31.270,308.78
2017-08-29 10:30:31.360,306.21
2017-08-29 10:30:31.510,303.12
2017-08-29 10:30:31.630,304.07
2017-08-29 10:30:31.670,301.26
2017-08-29 10:30:31.710,302.39
2017-08-29 10:30:31.830,301.28
2017-08-29 10:30:31.900,302
2017-08-29 10:30:32.100,300.67
2017-08-29 10:30:32.180,305.68
2017-08-29 10:30:32.280,305.21
2017-08-29 10:30:32.470,299.51
2017-08-29 10:30:32.620,301.32
2017-08-29 10:30:32.790,301
2017-08-29 10:30:32.860,301.36
2017-08-29 10:30:32.990,301.07
2017-08-29 10:30:33.030,303.03
2017-08-29 10:30:33.100,301.39
2017-08-29 10:30:33.300,300.97
2017-08-29 10:30:33.350,301.69
2017-08-29 10:30:33.520,300.4
2017-08-29 10:30:33.640,302.46
2017-08-29 10:30:33.780,304.02
2017-08-29 10:30:33.930,301.27
2017-08-29 10:30:34.010,299.55
2017-08-29 10:30:34.050,299.77
2017-08-29 10:30:34.160,301.26
2017-08-29 10:30:34.320,299.1
2017-08-29 10:30:34.400,297.67
2017-08-29 10:30:34.450,297.23
2017-08-29 10:30:34.640,297.58
2017-08-29 10:30:34.750,301.6
2017-08-29 10:30:34.800,302.82
2017-08-29 10:30:35.000,303
2017-08-29 10:30:35.050,300.81
2017-08-29 10:30:35.170,301.02
2017-08-29 10:30:35.320,299.75
2017-08-29 10:30:35.510,301.95
2017-08-29 10:30:35.580,303.27
2017-08-29 10:30:35.650,307.1
2017-08-29 10:30:35.710,306.87
2017-08-29 10:30:35.910,305.5
2017-08-29 10:30:36.110,306.1
2017-08-29 10:30:36.150,304.25
2017-08-29 10:30:36.280,301.75
2017-08-29 10:30:36.430,294.7
2017-08-29 10:30:36.530,295.4999
2017-08-29 10:30:36.670,296.27
2017-08-29 10:30:36.750,297.71
2017-08-29 10:30:36.810,299.73
2017-08-29 10:30:36.980,298.48
2017-08-29 10:30:37.070,298.17
2017-08-29 10:30:37.150,302.39
2017-08-29 10:30:37.220,305.5
2017-08-29 10:30:37.360,307.78
2017-08-29 10:30:37.570,305.22
2017-08-29 10:30:37.740,306.26
2017-08-29 10:30:37.830,304.38
2017-08-29 10:30:37.990,304.755
2017-08-29 10:30:38.040,304.99
2017-08-29 10:30:38.150,302.86
2017-08-29 10:30:38.230,298.98
2017-08-29 10:30:38.370,284.999
2017-08-29 10:30:38.520,273.66
2017-08-29 10:30:38.690,272.57
2017-08-29 10:30:38.730,275.22
2017-08-29 10:30:38.880,273.34
2017-08-29 10:30:38.970,275.24
2017-08-29 10:30:39.050,276.72
2017-08-29 10:30:39.240,276.02
2017-08-29 10:30:39.410,280.8
2017-08-29 10:30:39.610,275.6
2017-08-29 10:30:39.770,272.61
2017-08-29 10:30:39.930,274.12
2017-08-29 10:30:40.090,271.03
2017-08-29 10:30:40.200,270.36
2017-08-29 10:30:40.340,270.88
2017-08-29 10:30:40.450,275.21
2017-08-29 10:30:40.570,273.19
2017-08-29 10:30:40.660,275.13
2017-08-29 10:30:40.850,273.29
2017-08-29 10:30:40.900,270.825
2017-08-29 10:30:41.000,266.08
2017-08-29 10:30:41.170,257.01
2017-08-29 10:30:41.260,258.48
2017-08-29 10:30:41.340,258.13
2017-08-29 10:30:41.490,265
2017-08-29 10:30:41.610,263.61
2017-08-29 10:30:41.700,262
2017-08-29 10:30:41.760,257.13
2017-08-29 10:30:41.900,256.3
2017-08-29 10:30:41.940,259.94
2017-08-29 10:30:42.060,254.894
2017-08-29 10:30:42.160,257.68
2017-08-29 10:30:42.220,259.5
2017-08-29 10:30:42.420,253.98
2017-08-29 10:30:42.590,253.648
2017-08-29 10:30:42.750,255.48
2017-08-29 10:30:42.830,258.29
2017-08-29 10:30:42.910,257.554
2017-08-29 10:30:43.020,258.29
2017-08-29 10:30:43.110,254.99
2017-08-29 10:30:43.240,256.98
2017-08-29 10:30:43.310,254.62
2017-08-29 10:30:43.490,255.67
2017-08-29 10:30:43.630,254.55
2017-08-29 10:30:43.780,261.36
2017-08-29 10:30:43.920,256.97
2017-08-29 10:30:43.990,252.11
2017-08-29 10:30:44.160,259.8399
2017-08-29 10:30:44.220,263.69
2017-08-29 10:30:44.330,269.75
2017-08-29 10:30:44.470,276.18
2017-08-29 10:30:44.580,277.25
2017-08-29 10:30:44.650,280.99
2017-08-29 10:30:44.730,280.475
2017-08-29 10:30:44.880,281.85
2017-08-29 10:30:45.070,280.9
2017-08-29 10:30:45.220,280.27
2017-08-29 10:30:45.270,280.14
2017-08-29 10:30:45.330,279.81
2017-08-29 10:30:45.420,279.39
2017-08-29 10:30:45.470,280.72
2017-08-29 10:30:45.530,281.62
2017-08-29 10:30:45.710,282.36
2017-08-29 10:30:45.840,298.06
2017-08-29 10:30:45.930,297.37
2017-08-29 10:30:46.140,296.62
2017-08-29 10:30:46.210,295.99
2017-08-29 10:30:46.320,298.37
2017-08-29 10:30:46.440,299.11
2017-08-29 10:30:46.640,300.56
2017-08-29 10:30:46.690,301.11
2017-08-29 10:30:46.830,302.24
2017-08-29 10:30:46.960,303.75
2017-08-29 10:30:47.050,301.85
2017-08-29 10:30:47.140,301.78
2017-08-29 10:30:47.300,298.965
2017-08-29 10:30:47.480,298.73
2017-08-29 10:30:47.680,298.92
2017-08-29 10:30:47.800,294.55
2017-08-29 10:30:47.970,290.67
2017-08-29 10:30:48.010,288.44
2017-08-29 10:30:48.190,288.57
2017-08-29 10:30:48.330,288.04
2017-08-29 10:30:48.480,288.77
2017-08-29 10:30:48.570,287.95
2017-08-29 10:30:48.780,287.13
2017-08-29 10:30:48.980,285.93
2017-08-29 10:30:49.110,288.59
2017-08-29 10:30:49.220,287.44
2017-08-29 10:30:49.400,287.79
2017-08-29 10:30:49.590,290.3
2017-08-29 10:30:49.640,289.74
2017-08-29 10:30:49.800,288.0799
2017-08-29 10:30:49.910,284.46
2017-08-29 10:30:49.980,284.39
2017-08-29 10:30:50.110,283.61
2017-08-29 10:30:50.200,284.96
2017-08-29 10:30:50.300,282.995
2017-08-29 10:30:50.510,278.16
2017-08-29 10:30:50.570,270.27
2017-08-29 10:30:50.660,272.67
2017-08-29 10:30:50.720,273.91
2017-08-29 10:30:50.850,277.59
2017-08-29 10:30:51.050,270.02
2017-08-29 10:30:51.130,270.65
2017-08-29 10:30:51.300,275.93
2017-08-29 10:30:51.440,279.06
2017-08-29 10:30:51.580,279.98
2017-08-29 10:30:51.660,278.53
2017-08-29 10:30:51.750,280.945
2017-08-29 10:30:51.850,279.73
2017-08-29 10:30:51.920,279.89
2017-08-29 10:30:52.010,272.15
2017-08-29 10:30:52.210,275.94
2017-08-29 10:30:52.260,274.6
2017-08-29 10:30:52.320,269.98
2017-08-29 10:30:52.380,264.37
2017-08-29 10:30:52.590,258.02
2017-08-29 10:30:52.650,258.19
2017-08-29 10:30:52.760,258.69
2017-08-29 10:30:52.890,258.03
2017-08-29 10:30:52.930,256.23
2017-08-29 10:30:53.050,257.05
2017-08-29 10:30:53.210,249.085
2017-08-29 10:30:53.250,252.96
2017-08-29 10:30:53.360,254.41
2017-08-29 10:30:53.510,249.67
2017-08-29 10:30:53.720,250.82
2017-08-29 10:30:53.890,253.07
2017-08-29 10:30:54.030,231.4
2017-08-29 10:30:54.090,215.79
2017-08-29 10:30:54.140,209.34
2017-08-29 10:30:54.300,203.83
2017-08-29 10:30:54.460,196.84
2017-08-29 10:30:54.540,198.96
2017-08-29 10:30:54.740,198.76
2017-08-29 10:30:54.840,185.06
2017-08-29 10:30:54.940,182.84
2017-08-29 10:30:55.150,185.41
2017-08-29 10:30:55.220,182.91
2017-08-29 10:30:55.400,184.73
2017-08-29 10:30:55.570,189.878
2017-08-29 10:30:55.670,194.39
2017-08-29 10:30:55.820,201.63
2017-08-29 10:30:55.920,204.49
2017-08-29 10:30:56.130,214.5
2017-08-29 10:30:56.230,213.77
2017-08-29 10:30:56.410,211.46
2017-08-29 10:30:56.570,212.7
2017-08-29 10:30:56.670,215.94
2017-08-29 10:30:56.790,214.51
2017-08-29 10:30:56.950,213.66
2017-08-29 10:30:57.000,215.29
2017-08-29 10:30:57.120,218.6899
2017-08-29 10:30:57.170,218.85
2017-08-29 10:30:57.230,220.31
2017-08-29 10:30:57.290,219.73
2017-08-29 10:30:57.490,213.95
2017-08-29 10:30:57.530,214.69
2017-08-29 10:30:57.720,211.87
2017-08-29 10:30:57.890,216.64
2017-08-29 10:30:58.020,217.11
2017-08-29 10:30:58.210,209.86
2017-08-29 10:30:58.300,208.88
2017-08-29 10:30:58.380,209.33
2017-08-29 10:30:58.420,212.01
2017-08-29 10:30:58.550,210.62
2017-08-29 10:30:58.630,213.095
2017-08-29 10:30:58.720,212.35
2017-08-29 10:30:58.830,213.095
2017-08-29 10:30:58.950,213.358
2017-08-29 10:30:59.090,218
2017-08-29 10:30:59.220,220.63
2017-08-29 10:30:59.390,221.82
2017-08-29 10:30:59.480,221.58
2017-08-29 10:30:59.530,212.16
2017-08-29 10:30:59.570,214.66
2017-08-29 10:30:59.750,216
2017-08-29 10:30:59.860,215.78
2017-08-29 10:30:59.900,216.42
2017-08-29 10:31:00.000,209.16
2017-08-29 10:31:00.210,215.52
2017-08-29 10:31:00.310,216.51
2017-08-29 10:31:00.400,215.94
2017-08-29 10:31:00.470,215.58
2017-08-29 10:31:00.560,216.4599
2017-08-29 10:31:00.670,218.84
2017-08-29 10:31:00.820,205.87
2017-08-29 10:31:00.880,207.07
2017-08-29 10:31:00.930,205.3
2017-08-29 10:31:01.010,204.24
2017-08-29 10:31:01.110,203.78
2017-08-29 10:31:01.240,203.44
2017-08-29 10:31:01.300,203.65
2017-08-29 10:31:01.510,204.49
2017-08-29 10:31:01.560,202.3
2017-08-29 10:31:01.630,201.15
2017-08-29 10:31:01.810,202.52
2017-08-29 10:31:01.980,204.04
2017-08-29 10:31:02.100,204.35
2017-08-29 10:31:02.260,206.71
2017-08-29 10:31:02.340,206.11
2017-08-29 10:31:02.500,205.53
2017-08-29 10:31:02.560,204.21
2017-08-29 10:31:02.730,205.48
2017-08-29 10:31:02.830,213
2017-08-29 10:31:03.040,214.7
2017-08-29 10:31:03.220,211.518
2017-08-29 10:31:03.280,207.29
2017-08-29 10:31:03.360,207.067
2017-08-29 10:31:03.440,209.95
2017-08-29 10:31:03.500,213.79
2017-08-29 10:31:03.640,214.115
2017-08-29 10:31:03.800,216.86
2017-08-29 10:31:03.920,223.03
2017-08-29 10:31:04.040,223.71
2017-08-29 10:31:04.140,224.82
2017-08-29 10:31:04.340,224.39
2017-08-29 10:31:04.550,227.337
2017-08-29 10:31:04.590,226.75
2017-08-29 10:31:04.740,227
2017-08-29 10:31:04.940,224.24
2017-08-29 10:31:05.130,221.3
2017-08-29 10:31:05.270,218.15
2017-08-29 10:31:05.350,211
2017-08-29 10:31:05.490,209.84
2017-08-29 10:31:05.650,207.742
2017-08-29 10:31:05.830,208.13
2017-08-29 10:31:05.980,210.45
2017-08-29 10:31:06.150,201.64
2017-08-29 10:31:06.270,201.58
2017-08-29 10:31:06.320,202.41
2017-08-29 10:31:06.430,197.47
2017-08-29 10:31:06.630,193.22
2017-08-29 10:31:06.820,189.76
2017-08-29 10:31:06.950,194.18
2017-08-29 10:31:07.010,195.97
2017-08-29 10:31:07.130,197.11
2017-08-29 10:31:07.310,194.19
2017-08-29 10:31:07.410,197.11
2017-08-29 10:31:07.470,199.91
2017-08-29 10:31:07.680,203.13
2017-08-29 10:31:07.890,217.2
2017-08-29 10:31:07.980,215.57
2017-08-29 10:31:08.040,214.69
2017-08-29 10:31:08.190,213.23
2017-08-29 10:31:08.380,213.64
2017-08-29 10:31:08.530,212.71
2017-08-29 10:31:08.720,214.77
2017-08-29 10:31:08.920,215.48
2017-08-29 10:31:09.110,239.719
2017-08-29 10:31:09.200,234.38
2017-08-29 10:31:09.300,233.35
2017-08-29 10:31:09.480,233.7
2017-08-29 10:31:09.670,235.57
2017-08-29 10:31:09.880,234.83
2017-08-29 10:31:10.080,233.98
2017-08-29 10:31:10.200,231.98
2017-08-29 10:31:10.300,228.07
2017-08-29 10:31:10.450,223.1
2017-08-29 10:31:10.550,222.8339
2017-08-29 10:31:10.620,225.26
2017-08-29 10:31:10.700,224.525
2017-08-29 10:31:10.750,223.905
2017-08-29 10:31:10.820,221.76
2017-08-29 10:31:11.030,221.72
2017-08-29 10:31:11.130,220.81
2017-08-29 10:31:11.300,217.1
2017-08-29 10:31:11.500,215.62
2017-08-29 10:31:11.560,209
2017-08-29 10:31:11.740,204.3
2017-08-29 10:31:11.930,200.95
2017-08-29 10:31:11.980,201.31
2017-08-29 10:31:12.190,201.99
2017-08-29 10:31:12.370,201.75
2017-08-29 10:31:12.410,201.98
2017-08-29 10:31:12.480,202.04
2017-08-29 10:31:12.630,200.55
2017-08-29 10:31:12.760,200.85
2017-08-29 10:31:12.960,204.94
2017-08-29 10:31:13.140,210.19
2017-08-29 10:31:13.350,213.76
2017-08-29 10:31:13.440,214.09
2017-08-29 10:31:13.480,216.08
2017-08-29 10:31:13.690,219.22
2017-08-29 10:31:13.890,215.89
2017-08-29 10:31:13.970,217.34
2017-08-29 10:31:14.070,219.985
2017-08-29 10:31:14.190,216.72
2017-08-29 10:31:14.290,216.85
2017-08-29 10:31:14.420,215.44
2017-08-29 10:31:14.560,218.64
2017-08-29 10:31:14.770,217.7195
2017-08-29 10:31:14.910,216.86
2017-08-29 10:31:14.950,218.602
2017-08-29 10:31:15.100,218.49
2017-08-29 10:31:15.140,213.37
2017-08-29 10:31:15.350,214.61
2017-08-29 10:31:15.390,216.07
2017-08-29 10:31:15.590,216.07
2017-08-29 10:31:15.710,215.89
2017-08-29 10:31:15.780,219.16
2017-08-29 10:31:15.820,218.83
2017-08-29 10:31:16.020,217.34
2017-08-29 10:31:16.210,215.68
2017-08-29 10:31:16.340,214.95
2017-08-29 10:31:16.540,212.03
2017-08-29 10:31:16.680,209.965
2017-08-29 10:31:16.810,209.88
2017-08-29 10:31:16.930,207.97
2017-08-29 10:31:17.140,210.335
2017-08-29 10:31:17.230,213.37
2017-08-29 10:31:17.340,211.64
2017-08-29 10:31:17.540,215.61
2017-08-29 10:31:17.650,215.74
2017-08-29 10:31:17.850,204.71
2017-08-29 10:31:18.020,207.1
2017-08-29 10:31:18.180,206.4024
2017-08-29 10:31:18.350,205.57
2017-08-29 10:31:18.390,204.39
2017-08-29 10:31:18.530,205.15
2017-08-29 10:31:18.570,205.02
2017-08-29 10:31:18.730,205.62
2017-08-29 10:31:18.880,202.06
2017-08-29 10:31:19.060,201.67
2017-08-29 10:31:19.230,201.94
2017-08-29 10:31:19.290,204.825
2017-08-29 10:31:19.410,203.72
2017-08-29 10:31:19.460,209.839
2017-08-29 10:31:19.510,210.78
2017-08-29 10:31:19.680,213.53
2017-08-29 10:31:19.830,213.58
2017-08-29 10:31:20.010,212
2017-08-29 10:31:20.180,211.54
2017-08-29 10:31:20.340,217.85
2017-08-29 10:31:20.460,218.88
2017-08-29 10:31:20.630,228.99
2017-08-29 10:31:20.750,233.63
2017-08-29 10:31:20.950,235.3
2017-08-29 10:31:21.150,235.86
2017-08-29 10:31:21.230,234.87
2017-08-29 10:31:21.380,233.21
2017-08-29 10:31:21.540,231.4675
2017-08-29 10:31:21.640,229.38
2017-08-29 10:31:21.810,224.98
2017-08-29 10:31:21.960,225.3
2017-08-29 10:31:22.150,227.26
2017-08-29 10:31:22.270,234.02
2017-08-29 10:31:22.340,241.69
2017-08-29 10:31:22.410,237.32
2017-08-29 10:31:22.560,234.6
2017-08-29 10:31:22.730,233
2017-08-29 10:31:22.910,234.89
2017-08-29 10:31:23.080,233.55
2017-08-29 10:31:23.260,231.91
2017-08-29 10:31:23.310,233.44
2017-08-29 10:31:23.360,232.77
2017-08-29 10:31:23.500,235.78
2017-08-29 10:31:23.670,234.55
2017-08-29 10:31:23.840,233.94
2017-08-29 10:31:23.920,235.69
2017-08-29 10:31:24.000,234
2017-08-29 10:31:24.130,231.185
2017-08-29 10:31:24.310,230.46
2017-08-29 10:31:24.470,233.14
2017-08-29 10:31:24.550,238.31
2017-08-29 10:31:24.600,238.295
2017-08-29 10:31:24.750,237.72
2017-08-29 10:31:24.870,238.41
2017-08-29 10:31:24.970,238.66
2017-08-29 10:31:25.140,236.05
2017-08-29 10:31:25.220,236.04
2017-08-29 10:31:25.380,238.29
2017-08-29 10:31:25.490,236.6
2017-08-29 10:31:25.700,232.48
2017-08-29 10:31:25.890,232.86
2017-08-29 10:31:26.050,231.6
2017-08-29 10:31:26.170,230.9899
2017-08-29 10:31:26.280,228.09
2017-08-29 10:31:26.390,230.54
2017-08-29 10:31:26.460,226.75
2017-08-29 10:31:26.630,225.55
2017-08-29 10:31:26.800,228.53
2017-08-29 10:31:26.850,230.51
2017-08-29 10:31:27.030,230.4
2017-08-29 10:31:27.110,229.91
2017-08-29 10:31:27.320,229.58
2017-08-29 10:31:27.370,229.74
2017-08-29 10:31:27.420,227.66
2017-08-29 10:31:27.510,228.11
2017-08-29 10:31:27.610,229.94
2017-08-29 10:31:27.690,228.64
2017-08-29 10:31:27.740,229.27
2017-08-29 10:31:27.830,230.54
2017-08-29 10:31:27.940,231.34
2017-08-29 10:31:28.120,231.955
2017-08-29 10:31:28.310,235.14
2017-08-29 10:31:28.380,239.91
2017-08-29 10:31:28.430,241.41
2017-08-29 10:31:28.500,243.52
2017-08-29 10:31:28.660,245.11
2017-08-29 10:31:28.790,247.48
2017-08-29 10:31:28.950,247.16
2017-08-29 10:31:29.000,249.22
2017-08-29 10:31:29.180,248.76
2017-08-29 10:31:29.290,245.42
2017-08-29 10:31:29.380,246.62
2017-08-29 10:31:29.570,245.93
2017-08-29 10:31:29.710,248.81
2017-08-29 10:31:29.800,248.61
2017-08-29 10:31:29.840,251.19
2017-08-29 10:31:29.950,249.94
2017-08-29 10:31:30.000,246.97
2017-08-29 10:31:30.180,246.8531
2017-08-29 10:31:30.370,246.79
2017-08-29 10:31:30.550,246.67
2017-08-29 10:31:30.760,246.02
2017-08-29 10:31:30.860,246.04
2017-08-29 10:31:30.900,242.24
2017-08-29 10:31:30.960,244.78
2017-08-29 10:31:31.090,245.7
2017-08-29 10:31:31.160,244.33
2017-08-29 10:31:31.370,245.54
2017-08-29 10:31:31.460,245.64
2017-08-29 10:31:31.610,249.43
2017-08-29 10:31:31.800,250
2017-08-29 10:31:31.960,251.26
2017-08-29 10:31:32.000,253.3
2017-08-29 10:31:32.040,254.94
2017-08-29 10:31:32.210,254.72
2017-08-29 10:31:32.260,254.2
2017-08-29 10:31:32.450,252.16
2017-08-29 10:31:32.510,246.43
2017-08-29 10:31:32.610,241.43
2017-08-29 10:31:32.770,238.98
2017-08-29 10:31:32.830,239.86
2017-08-29 10:31:32.880,239.98
2017-08-29 10:31:32.980,241.22
2017-08-29 10:31:33.090,263.4
2017-08-29 10:31:33.280,266.25
2017-08-29 10:31:33.360,263.95
2017-08-29 10:31:33.490,264.23
2017-08-29 10:31:33.590,263.72
2017-08-29 10:31:33.800,262.84
2017-08-29 10:31:33.860,259.5
2017-08-29 10:31:34.020,254.16
2017-08-29 10:31:34.120,255.98
2017-08-29 10:31:34.170,255.6717
2017-08-29 10:31:34.240,257.13
2017-08-29 10:31:34.410,255.52
2017-08-29 10:31:34.570,257.91
2017-08-29 10:31:34.770,261.23
2017-08-29 10:31:34.910,260.96
2017-08-29 10:31:35.050,256.75
2017-08-29 10:31:35.130,251.15
2017-08-29 10:31:35.340,246.1
2017-08-29 10:31:35.480,247.72
2017-08-29 10:31:35.660,242.63
2017-08-29 10:31:35.700,238.53
2017-08-29 10:31:35.790,236.14
2017-08-29 10:31:35.870,238.61
2017-08-29 10:31:36.030,237.99
2017-08-29 10:31:36.140,238.43
2017-08-29 10:31:36.280,249.17
2017-08-29 10:31:36.390,245.42
2017-08-29 10:31:36.500,245
2017-08-29 10:31:36.610,242.95
2017-08-29 10:31:36.720,243.38
2017-08-29 10:31:36.770,241.35
2017-08-29 10:31:36.810,238.5
2017-08-29 10:31:36.860,241.61
2017-08-29 10:31:36.960,242.49
2017-08-29 10:31:37.070,242.1
2017-08-29 10:31:37.260,246.43
2017-08-29 10:31:37.450,245.92
2017-08-29 10:31:37.550,249.07
2017-08-29 10:31:37.660,246.6556
2017-08-29 10:31:37.750,251.6
2017-08-29 10:31:37.850,254.94
2017-08-29 10:31:38.030,259.76
2017-08-29 10:31:38.150,259.64
2017-08-29 10:31:38.310,260.2899
2017-08-29 10:31:38.390,260.2
2017-08-29 10:31:38.500,263.57
2017-08-29 10:31:38.540,264.05
2017-08-29 10:31:38.620,264.46
2017-08-29 10:31:38.770,263.67
2017-08-29 10:31:38.940,264.16
2017-08-29 10:31:39.130,260.13
2017-08-29 10:31:39.230,258.6
2017-08-29 10:31:39.350,260.09
2017-08-29 10:31:39.480,257.66
2017-08-29 10:31:39.530,258.11
2017-08-29 10:31:39.650,257.05
2017-08-29 10:31:39.820,261.21
2017-08-29 10:31:39.950,263.6
